[
  {
    "id": "c4524030-1c6f-4672-92c9-67812cec537b",
    "usuario": "Daniel",
    "comentario": "afaas",
    "puntuacion": 2
  },
  {
    "id": "cfdcd8ff-bdef-43df-875b-e109128271c5",
    "usuario": "Jaimef",
    "comentario": "js ajddsas",
    "puntuacion": 2
  },
  {
    "id": "aca220e4-4b10-4fed-87cd-7c76f213f0e9",
    "usuario": "Asier Lopez",
    "comentario": "smwdmdcw",
    "puntuacion": 3
  },
  {
    "id": "e11f60b7-bd4b-47ca-ae67-8ba324b5ac9a",
    "usuario": "Laura",
    "comentario": "muy rica",
    "puntuacion": 5
  }
]